Genus,HS01_ave,HS03_ave,HS05_ave,HS09_ave,HS13_ave,HS15_ave,HS17_ave,HS19_ave,JW01,JW02,JW03,JW04,JW05,JW06,JW07,JW08,JW09,JW10,JW11,JW12,JW13,JW14,JW15,JW16,JW17,JW18,JW19,JW20,LZ01,LZ02_ave,LZ03,LZ04_ave,LZ05,LZ06_ave,LZ10,LZ11_ave,LZ13,LZ14_ave,LZ16,LZ17_ave,QZ01,QZ02,QZ03,QZ04,QZ05,QZ06,QZ07,QZ08,QZ09,YZ01,YZ02,YZ03,YZ04_ave,YZ05,YZ06_ave,YZ09,YZ10,YZ11,YZ12,YZ13,YZ14,YZ15,YZ16,YZ17,YZ18,YZ19,YZ20,YZ21,YZ22_ave,YZ24,YZ25,YZ26,YZ27,YZ28,YZ29_ave,YZ32_ave,YZ33_ave,MG01,MG02,MG03,MG04,MG05,MG06,MG07,MG08,MG09,MG10,MG11,MG12,MG13,MG14,MG15,AM01,AM02,AM03,AM04,AM05,AM06,AM07,AM08,AM09
Acidovorax,1.008393687,0.648243099,0.058173101,0.118380795,0.213140453,0.218616098,0.286420155,0.24376495,0.927763653,0.604847426,0.708559977,0.289232418,0.631972985,0.257563526,0.19345478,0.16600022,0.121804053,0.227447533,0.114019039,0.115606936,0.078327409,0.071020806,0.156350315,0.100272067,0,0.026168616,0,0,0.139886634,0,0.127462875,0,0.099349711,0.022258293,0,0,0,0,0,0,0,0,0,0,0,0,0.025581336,0,0,2.540344033,0.286263044,0.761428696,1.044280213,0.328317968,0.519572516,0.794107492,1.807100843,1.949760315,1.315695896,1.119603511,1.201750014,1.141093047,0.474161289,0.740159246,0.814079537,0.527684747,0.379802861,0.332275864,0.248547014,0.135277854,0.273497927,0.41707624,0.263725725,0.418945281,0.360040433,0.064998701,0.858798115,0.245913496,4.061293136,1.853859497,0.208168121,0.19388516,0,0,0.148809524,0.081926921,0.139025188,0.282157676,0,0,0,0,0,0,0,0,0,0,0,0,0
Aestuariimonas,0.010465944,0,0,0,0,0,0,0,0,0,0,0,0,0,0,0,0,0,0,0,0,0,0,0,0,0,0,0,0.013114372,0,0.035321038,0.110403622,0.390947564,0.057793461,0.566617396,0.13803166,0.215283758,0.587065877,0.147892531,0.253971814,0,0,0,0,0,0,0,0,0,0,0,0,0,0,0,0,0,0,0,0,0,0,0,0,0,0,0,0,0,0,0,0,0,0,0,0.025296792,0.001489801,0,0,0,0,0,0,0,0,0,0,0,0,0,0,0,0,0,0,0,0,0,0,0,0
Alkalimarinus,0,0,0,0,0,0,0,0.004570593,0.009296229,0.006052798,0.001022453,0,0.003946308,0,0,0,0,0,0,0,0,0,0,0,0,0,0,0,0,0,0,0,0,0,0,0,0,0,0,0,0,0,0,0,0,0,0,0,0,0.00886682,0,0,0,0,0.000302722,0.014647569,0.012047339,0.010222253,0.010667805,0.018510778,0.02104447,0,0.009236908,0.00857582,0.005668091,0.004603575,0.010766065,0,0.010615029,0,0,0,0,0.005330093,0.006587181,0,0.005766971,0,0,0,0,0,0,0,0,0,0,0,0,0,0,0,0,0,0,0,0,0,0,0,0
Anaerobiospirillum,0.005756269,0.021974342,0,0,0,0,0,0,0,0,0,0,0,0,0,0,0,0,0,0,0,0,0,0,0,0,0,0,0,0,0,0,0,0,0,0,0,0,0,0,0,0,0,0,0,0,0,0,0,0,0,0,0,0,0,0,0,0,0,0,0,0,0,0,0,0,0,0,0,0,0,0,0,0,0,0,0,0,0,0,0,0,0,0,0,0,0,0,0,0,0,0,0,0,0,0,0,0,0,0,0
Blastocatella,0,0,0,0,0,0,0,0,0,0,0,0.003472773,0,0,0,0,0,0,0,0,0,0,0,0,0,0,0,0,0,0,0,0,0,0.000455579,0,0,0,9.73E-05,0,0,0,0,0,0,0,0,0,0,0,0.019211444,0,0.078467843,0.052388639,0.039137241,0.271642884,0.07637661,0.014882007,0.03550888,0.036981722,0.013733803,0.006645622,0.032662867,0.043105572,0.015172605,0.023380874,0.03452681,0.041868032,0.033077235,0.074650405,0,0,0.021129413,0,0,0,0.008883992,0.130910244,0,0,0,0,0,0,0,0,0,0.057245666,0,0,0,0,0,0,0,0,0,0,0,0,0,0
Curvibacter,0.256415624,0.230207396,0,0,0,0,0,0,0.275168378,0.080415741,0.125250501,0.105671535,0.139248285,0,0,0,0.043984797,0,0,0,0,0,0,0,0,0,0,0,0.056828945,0,0,0,0,0,0,0,0,0,0,0,0,0,0,0,0,0,0,0,0,14.69675474,0.132121405,0,7.058136495,0,0,0.137582523,0.249450783,0.450855172,0.347059242,0.155251687,0.19161544,0.152777924,0.084363762,0.088396915,0.103442657,0.052941109,0.061007704,0.090210642,0.054887466,0.072385518,0.074252831,0.082680312,0.083433229,0.092743612,0.046110269,0.239717218,0,0,0,0,0,0,0,0,0,0,0,0,0,0,0,0,0,0,0,0,0.054777625,0,0,0,0
Cystobacteraceae,0.00366308,0.070631815,0.021952114,0.019857424,0.077005583,0.031230871,0.016289298,0,0.015338778,0.016429022,0.015336796,0.004961105,0.018040264,0.002883174,0.00853477,0.006419898,0.015789414,0.106581694,0.016793502,0.008892841,0.013771852,0.020968047,0.030967937,0.07292514,0.053221269,0,0,0.057395106,0.033514506,0.013440109,0.023035459,0.007291414,0.003870768,0.009371913,0,0.004283958,0.01666713,0.001021238,0.021567661,0.015240118,0,0.006057852,0,0.008542101,0.000974702,0,0.001705422,0,0,0,0,0.100748835,0.009501861,0.044572969,0.106205102,0.019355716,0.024094678,0.040889013,0.049783088,0.06389204,0.053164978,0.037931071,0.024015961,0.063329133,0.045344726,0.048912981,0.093904015,0.045105321,0.055318971,0.008306535,0,0.012861382,0.023016063,0.006396111,0.006116668,0.033980016,0.1264889,0,0,0,0,0,0,0,0,0,0,0,0,0,0,0,0.063827382,0.003460746,0.020338902,0.045877812,0.043169121,0.052092811,0.032014316,0.043107523,0.035531312
Desulfonatronobacter,0,0,0,0,0,0,0,0,0,0,0,0.02976663,0,0.001922116,0,0,0.034962275,0,0,0,0,0.074402749,0,0,0,0.002243024,0.0452982,0,0,0,0,0,0,0.058118875,0,0,0,0,0,0,0,0,0,0,0,0,0,0,0,0.128568895,0.275252927,1.054956552,0.383926549,0.615324404,1.098983156,0.010985677,0.00708667,0.031204773,0.050494275,0.032244581,0.091931107,0.04952112,0.018473816,0.088396915,0.081478805,0.268158225,0.320589502,0.350317993,0.466327705,0,0,0,0,0,0,0.024794871,0.158015009,0,0,0,0,0,0,0,0,0,0,0,0,0,0,0,0,0,0,0,0,0,0,0,0
Elstera,0,0.001046397,0,0,0,0,0,0,0,0,0,0,0,0,0,0,0,0,0,0,0,0,0,0,0,0,0,0,0,0,0,0,0,0,0,0,0,9.73E-05,0,0,0,0,0,0,0,0,0,0,0,0,0,0,0,0,0,0,0,0,0,0,0,0,0,0,0,0,0,0,0,0.028479548,0.032176227,0.119427117,0,0.315541484,0.01599744,0.030717533,0,0,0,0,0,0,0,0,0,0,0,0,0,0,0,0,0,0,0,0,0,0,0,0,0
Erysipelotrichaceae_incertae_sedis,0,0,0.005488028,0,0,0,0,0,0,0,0,0,0,0,0,0,0,0,0,0,0,0,0,0,0,0,0,0.002532137,0,0,0,0,0,0.015099193,0,0,0,0,0,0,0,0,0,0,0,0,0,0,0,0.057634332,0.064837356,0.058124328,0.346175912,0.940380936,0.279362305,0.093116689,0.129686061,0.06778968,0.227579831,0.477697498,0.405382954,0.090613114,0.252475491,0.600967089,0.700717722,0.786060376,1.221350304,1.017876742,0.757895791,0.144771036,0.141080379,0.026641434,0.109326301,0.352852133,0.270956647,0.071900108,0.098807438,0,0,0,0,0,0,0,0,0,0,0,0,0,0,0,0,0,0,0.014960156,0,0,0,0,0
Geothrix,0,0,0,0,0,0,0,0,0.002788869,0,0,0.005457215,0.006201341,0.007688463,0,0,0,0,0,0,0,0,0,0.013322862,0,0,0,0,0,0,0,0,0,0.001822316,0,0,0,0,0,0,0,0,0,0,0,0,0,0,0,0.066501153,0.133344751,0.057155589,0.053775398,0.06414159,0.143086779,0.097824836,0.029764014,0.11621088,0.091743119,0.055532334,0.027690092,0.195977199,0.040026602,0.017811319,0.048887283,0.039705832,0.039475573,0.061643939,0.099461956,0,0,0,0,0,0,0.010264274,0.176084851,0,0,0,0,0,0,0,0,0,0,0,0,0,0,0,0,0,0,0,0,0,0,0,0
Howardella,0,0,0,0,0,0,0,0,0.012549909,0.012970281,0.010735757,0.066478806,0.036644285,0.016337985,0.013276308,0.009171283,0.018045045,0.019778046,0.031819267,0.031529164,0.019797037,0.023673602,0.018127573,0.017530082,0.002764741,0.016448844,0.009213193,0.005064274,0,0.006776525,0,0,0,0,0,0,0,0,0.004621642,0,0,0,0,0,0,0,0,0,0,0.005911214,0,0.02421847,0.012943076,0,0.035115796,0.017263206,0.012756006,0.029590733,0.014223739,0.017316534,0.00886083,0.016858254,0.012931672,0.013853248,0.019129806,0.041432172,0.017943442,0.004510532,0.028479345,0,0,0,0,0,0,0.011443787,0.035082408,0,0,0,0,0,0,0,0,0,0,0,0,0,0,0,0,0,0,0,0,0,0,0,0
Ilyomonas,0.00366308,0,0,0,0,0,0,0,0,0,0,0,0,0,0,0,0,0,0,0,0,0,0,0,0,0,0,0,0.186515511,0.002992965,0.076784864,0.073236768,0.116123039,0.118710893,0.197084312,0.176839283,0.183338426,0.091084691,0.177162928,0.101977643,0,0.038164471,0,0.012813151,0.032652504,0,0,0,0,0,0,0,0,0,0,0,0,0,0,0,0,0,0,0,0,0,0,0,0,0,0,0,0,0,0,0.028308315,0,0,0,0,0,0,0,0,0,0,0,0,0,0,0,0,0,0,0,0,0,0,0,0,0
Lacibacterium,0.007849458,0.001569596,0,0,0,0,0,0.004570593,0.026494253,0.018158393,0.014314343,0.007937768,0.005637582,0,0.001896615,0.004585641,0.004511261,0,0,0,0,0,0,0.002804813,0,0,0,0,0.007285762,0,0,0,0,0.000780993,0,0,0,0,0,0,0,0,0,0,0,0,0,0,0,0.010344624,0.008563424,0,0.002568071,0,0.000554991,0.016740079,0.021968677,0.0080702,0.013512552,0.025079119,0.014398848,0.018965535,0.004310557,0.003298392,0.008502136,0.002877234,0.003588688,0,0.003236289,0.004746591,0.007425283,0,0,0,0.003803313,0,0.002306788,0,0,0,0,0,0,0,0,0,0,0,0,0,0,0,0,0,0,0,0,0,0,0,0
Litorilinea,0.134487378,0.050750267,0.049392256,0.046588571,0.020626495,0.288573249,0.101808112,0.051800052,0.087849364,0.094250707,0.086397284,0.067471027,0.108241582,0.030753854,0.03793231,0.033933747,0.025939752,0.063729261,0.022980581,0.020211003,0.018936297,0.023673602,0.02870199,0.047681822,0.029720968,0.023177917,0.023800749,0.034605873,0.026228744,0.013948348,0,0.00903361,0.024514864,0.008786168,0,0.013796866,0,0.007002774,0,0.024329921,0,0.005452067,0,0,0.002436754,0,0,0,0,0.00443341,0.041593776,0.039718291,0.029378727,0.0739259,0.037588029,0.151706965,0.237403444,0.107064653,0.197709978,0.201827193,0.14066567,0.071647578,0.138553623,0.268489138,0.170042723,0.293477886,0.221900569,0.121784366,0.098426344,0.003559944,0,0.059713559,0.011508032,0.014924259,0.052873893,0.072627892,0.063004159,0,0,0.075888985,0,0,0,0,0,0,0,0,0,0,0,0,0.067109933,0.015573359,0,0.038563958,0.006529783,0,0.143243543,0.116844076,0.054142951
Mycobacterium,0.114602085,0.016742356,0.285377477,0.12754576,0.210390253,0.312308711,0.038008362,0.274235568,0.036255293,0.081712769,0.021471514,0.034727735,0.011838923,0,0.043622156,0.025679592,0.042856982,0.043951214,0.012374159,0.116415377,0.024100741,0.015556938,0.033233883,0,0.042162304,0.014953495,0.022265217,0,0.039343116,0,0,0,0,0.002082647,0,0,0,0,0,0,0,0,0,0,0,0,0.016201513,0,0,0.053200922,0.145578215,0.099780096,0.06476674,0.061967299,0.034510352,0.205589094,0.245198781,0.16463208,0.341369746,0.22630919,0.299052999,0.249712883,0.152101089,0.161621226,0.140285247,0.132352772,0.112445572,0.112763302,0.094283893,0.022546309,0.034651321,0.107484406,0.040278111,0.040508704,0.073400021,0.030240709,0.116685049,0,0,0.130095403,0,0,0,0,0,0,0,0,0,0,0,0,0,0.020764479,0,0,0,0,0,0.037813617,0
Novimethylophilus,0.110415707,0.08004939,0,0,0,0,0,0,0.07390502,0.021184792,0.044476709,0.017859978,0.051302,0.015376927,0.013276308,0.018342566,0.014661599,0.015382925,0,0.010509721,0.006885926,0.006763886,0.015861626,0.010518049,0,0,0,0,0.026228744,0,0,0,0.00645128,0,0.008694896,0,0,0,0,0,0,0,0,0,0,0,0,0,0,0.016255837,0.012233463,0.021312254,0,0,0.024671874,0.056497766,0.082205372,0.034970867,0.073252258,0.060906431,0.046519355,0.037931071,0.022784374,0.041559744,0.031174499,0.029347789,0.018541557,0.02255266,0.017260209,0.030852844,0.024750944,0.045014837,0.0364421,0.015990278,0.023623671,0,0.016147519,0,0,0,0,0,0,0,0,0,0,0,0,0,0,0,0,0,0,0,0,0,0,0,0
Oceanicaulis,0,0,0,0,0.790682324,0,0,0,0,0,0,0,0,0,0,0,0,0,0,0,0,0,0,0.014725269,0,0,0,0,0,0,0,0,0,0.008070258,0,0,0,0,0,0,0,0,0,0,0,0,0,0,0,0.220192706,0.450191454,0.494056787,0.268106567,0.560967125,0.364477748,0.037665177,0.071575367,0.059181467,0.083208876,0.164805637,0.315667054,0.141187875,0.108995517,0.20713904,0.292615186,0.302109588,0.556844825,0.744237795,0.565660209,0.402273617,0.252459625,0.026641434,0.084392232,0.301683243,0.270172459,0.019449418,0.208283773,0,0,0,0,0,0,0,0,0,0,0,0,0,0,0,0,0.017649807,0,0,0,0,0,0,0
Paraburkholderia,0.021455185,0.014649562,0,0,0,0,0,0,0.033931236,0.039775528,0.035274631,0.021332751,0.049046967,0,0,0,0,0,0,0.031529164,0.024100741,0,0,0,0,0,0,0,0.026228744,0,0.021499762,0,0.018063584,0.002212813,0,0,0,0,0,0,0,0,0,0,0,0,0,0,0,0,0.031807005,0.029062164,0,0,0.098082052,0.053882129,0.077244703,0.023672587,0.080364128,0.094942378,0.094146314,0.071647578,0.032637076,0.029025853,0.041802169,0.035102257,0.031700081,0.051119364,0.037282052,0,0.027226038,0.041340156,0.039319108,0.035178611,0.027289751,0.193339766,0.093424932,0,0,0,0,0,0,0,0,0,0,0,0,0,0,0,0,0,0,0,0,0,0,0,0
Parvibaculum,0.014129024,0.001569596,0,0,0,0,0,0.012188247,0.00976104,0.008214511,0.016870476,0.007441657,0,0,0,0,0,0,0,0,0,0,0,0,0,0,0,0,0,0,0,0,0,0,0,0.007559927,0,0.000243152,0,0,0,0,0,0,0,0,0,0,0,0.053200922,0.002446693,0,0.095121334,0,0,0.004708147,0.004252002,0.020444507,0.008534244,0,0.007753226,0,0,0,0.006376602,0.008056256,0.160892866,0.067657981,0,0,0,0,0.14193239,0,0,0.010239178,0,0,0,0,0,0,0,0,0,0,0,0,0,0,0,0,0,0,0,0,0,0,0,0,0
Polyangiaceae,0.008372755,0.017265555,0,0,0.13613487,0,0,0,0.044157088,0.052745808,0.024538874,0.068959359,0.051302,0.819782416,0.115693545,0.083458674,0.888718463,0.319745083,0.662017518,0.413921339,0.380447413,1.110630124,1.16167529,0.672453931,0.10920728,0.160002393,0.81459984,0.360407505,0.065571859,0.218938243,0.084463351,0.392123208,0.145798927,0.219849451,0.140567487,0.016694838,0.143059529,0.295478153,0.295785063,0.557281814,0,0.01150992,0,0.013762273,0.004873508,0,0,0,0,0.104924041,0.044040468,0.168560551,0.181408505,0.171769003,0.095609819,0.174201446,0.325278152,0.312585746,0.540502098,0.39230907,0.325635488,0.208620889,0.011700084,0.554129917,0.612153804,0.698592457,0.580769415,0.43150757,0.451613376,0.213596611,0.150980756,0.045933507,0.040278111,0.197213428,0.274563913,0.082189477,0.259994281,0,0,0,0,0,0,0,0,0,0,0,0,0,0,0,0.395365038,0.262324583,0.248054843,1.915897327,1.295073641,0.992974606,0.679688558,0.456788489,0.464952591
Puia,0.019361996,0.477157148,0,0.006109977,0,0,0,0,0.513616651,1.094259354,0.414093493,1.435743769,1.129207751,1.362780148,3.007083859,0.697934627,0.398118804,0.973519393,0.968719893,0.949108695,0.39938371,0.139336057,0.198647985,0.586907133,0,0.165236116,0.058350224,0.140111583,0,0,0,0,0,0.013667373,0,0,0,0,0,0,0,0,0,0,0,0,0,0,0,0.115268665,0.288709737,0.384589303,0.087776652,0.142416072,0.366193175,0.300275165,0.145276734,0.251790239,0.270251049,0.136740909,0.087500692,0.132758748,0.421203015,0.387890942,0.376928037,0.370587761,0.430642614,0.264617883,0.205396491,0.145957684,0.405915476,0.181896686,0.10165428,0.215335743,0.096219899,0.006223814,0.493796902,0,0,0,0,0,0,0,0,0,0,0,0,0,0,0,0.012765476,0,0.054635874,0.050532083,0.028658492,0,0,0.015125447,0
Roseateles,0,0,0,0,0,0,0,0,0.026494253,0.020752449,0,0.032247182,0.11838923,0,0,0,0,0.039556093,0,0,0,0,0.031723252,0,0,0,0,0,0,0,0,0,0,0,0,0,0,0,0,0,0,0,0,0,0,0,0,0,0,0.112313058,0,0,0,0,0,0.0742841,0.065906031,0.033356827,0.06329564,0.096136621,0.039873733,0,0.028326519,0.023088747,0.06305751,0.015537065,0.053830327,0.08720362,0,0,0,0.100135045,0.049868137,0,0,0.026501401,0,0,0,0,0,0,0,0,0,0,0,0,0,0,0,0,0,0,0,0,0,0,0,0,0
Sarcina,0.01674551,0.010463973,0,0,0.013750997,0.032480106,0,0,0,0.004323427,0,0,0,0,0,0,0,0,0,0,0,0,0,0,0,0,0,0,0,0,0,0,0,0,0,0,0,0,0,0,0,0,0,0,0,0,0,0,0,0.036945085,0.090527629,0.037780813,0.017514241,0.03696295,0.012411618,0.048127727,0.066614698,0.030128747,0.091031932,0.09255389,0.098576729,0.06111117,0.0301739,0.027706496,0.031174499,0.0454603,0.039475573,0.016538618,0.03055057,0,0,0,0.021098058,0,0.018016725,0.049991279,0.032823677,0,0,0,0,0,0,0,0,0,0,0,0,0,0,0,0,0,0,0,0,0,0,0,0
Sediminimonas,0.002093189,0.001569596,0,0,0,0,0,0,0.004648114,0,0,0,0,0,0,0,0,0,0,0,0,0,0,0,0,0,0,0,0,0,0,0,0,0,0,0,0,0,0,0,0,0,0,0,0,0,0,0,0,0,0,0,0,0,0,0,0,0,0,0,0,0,0,0,0,0,0,0,0,0,0,0,0,0,0,0,0,0,0,0,0,0,0,0,0,0,0,0,0,0,0,0,0,0,0,0,0,0,0,0,0
Simplicispira,1.33754762,0.27049369,0.06366113,0.007942969,0,0,0,0,0.428091345,0.177692846,0.281685821,0.103687093,0.301610657,0.089378388,0.064484927,0.049524928,0,0.060432919,0,0,0,0,0,0,0,0,0,0,0.126772262,0.361866458,0.31635364,0.11930818,0.316112717,0.670091754,0.124626844,0.163861409,0,0.015172677,0,0,0,0,0,0,0,0,0,0,0,0.428562984,0.031807005,0.152091991,0.33117838,0.065228735,0.289200783,0.085269777,0.173623414,0.524024985,0.336391437,0.087179793,0,0.168582537,0.039410808,0.190647079,0.276319425,0.04718664,0.130389014,0,0,0,0.084153208,0.103809725,0.104531287,0.069291204,0.06210771,0.052350305,1.345001838,0,0,0.195143105,0,0,0,0,0.462962963,0,0,0,0,0,0,0,0,0,0,0,0,0,0,0,0
Smaragdicoccus,0,0,0,0,0,0,0,0,0.012549909,0,0.012780663,0.014883315,0.020859055,0,0,0,0.003383446,0,0.00618708,0,0,0.007440275,0,0.009115642,0,0,0,0,0,0,0,0,0,0.00429546,0,0,0,0,0,0,0,0,0,0,0,0,0,0,0,0.019211444,0.068507395,0.101717574,0.017873771,0.056531571,0.059333587,0.032433903,0.046063355,0.041427027,0.035559349,0.038812922,0.038766129,0.014750972,0.023400167,0.027046817,0.036134079,0.028772342,0.026915163,0.055629896,0.013031458,0,0,0,0,0,5.88E-05,0.001806914,0.012687336,0,0,0,0,0,0,0,0,0,0,0,0,0,0,0,0,0,0,0,0,0,0,0,0
Streptobacillus,0.004709675,0.001046397,0,0,0,0,0,0,0.001859246,0.001297028,0,0,0,0,0,0,0,0,0.001767737,0,0,0,0,0,0,0,0,0,0,0,0,0,0,0.003839881,0,0,0,0,0,0,0,0,0,0,0,0,0,0,0,0.032511675,0.008563424,0.025187209,0.014792086,0.021742912,0.09238078,0.039757687,0.017716675,0.326036079,0.011378992,0.003582731,0.011076037,0.070593937,0.064658358,0.015832283,0.019129806,0.082864344,0.026915163,0.12930192,0.032017688,0,0,0,0,0,0,0.000175672,0.087129322,0,0,0,0,0,0,0,0,0,0,0,0,0,0,0,0,0,0,0,0,0,0,0,0
Sulfuritalea,0.024071671,0,0,0,0,0,0,0,0.052988505,0.04971941,0.047032841,0,0,0,0.016121232,0,0,0,0,0,0,0,0.015861626,0.009115642,0,0,0,0,0,0,0,0,0,0,0,0,0,0,0,0,0,0,0,0,0,0,0,0,0,0.022167051,0,0.013562343,0,0,0,0.042373325,0.071575367,0.015602387,0.079652941,0.075834478,0.055380185,0.034770148,0.019705404,0.026387139,0.031174499,0.036828597,0.032298196,0,0.013462963,0,0,0,0.025893071,0,0,0.223454995,0,0,0,0,0,0,0,0,0,0,0,0,0,0,0,0,0,0,0,0,0,0,0,0,0
Thiovirga,0,0,0,0,0,0,0,0,0,0,0,0,0,0,0,0,0,0,0,0,0,0,0,0,0,0,0,0,0,0,0,0,0,0.003904964,0,0,0,0,0,0,0,0,0,0,0,0,0,0.005329543,0.007445947,0.038422888,0.024466927,0.021312254,0.000513614,0.152200383,0.194902761,0.009939422,0.252994118,0.0564914,0.019202048,0.035827312,0,0.251820165,0.004926351,0.088396915,0.019838318,0.007480809,0.01136418,0.007517553,2.058625164,0,0,0,0,0.015990278,0,0.006023046,0.030805237,0,0,0,0,0,0,0,0,0,0,0,0,0,0,0,0,0,0,0,0,0,0,0,0
Victivallis,0.308222045,0.162191574,0,0,0.04537829,0,0.096378346,0,0.036720104,0.060095634,0.033740951,0.045146055,0.027060395,0,0.012328001,0,0.002255631,0.003296341,0.019445107,0.016977242,0.020657778,0.010822218,0,0.030852944,0.017279633,0.017944194,0.011516492,0.006752365,0.139886634,0.369828876,0.479137552,0.081108914,0.407720892,1.131788617,0.170999623,0.363317472,0.277785494,0.255066312,0.211054967,0.264825311,0,0.007269423,0,0.007592978,0.022905488,0,0,0.010659087,0.015822638,0.014778034,0.07340078,0.069749194,0.033949893,0.059793007,0.124772075,0.046035217,0.030472681,0.006994173,0.018490861,0.013733803,0.013291244,0.025287381,0.155180058,0.093674343,0.057389419,0.033951363,0.017345328,0.013531596,0.010312975,0.408206856,0.492543778,0.214968811,0.819947255,0.462652041,0.235530943,0.371145094,0.084341953,0,0,0,0,0.044742729,0,0.063197809,0,0,0,0,0,0,0,0,0,0.010382239,0,0,0,0,0,0.011344085,0.004060721
Sharpea,0,0,0,0,0,0,0,0,0,0,0,0,0,0,0,0,0,0,0,0,0,0,0,0,0,0,0,0,0,0,0,0,0,0,0,0,0,0,0,0,0,0,0,0,0,0,0,0,0,0,0,0,0,0,0,0,0,0,0,0,0,0,0,0,0,0,0,0,0,0,0,0,0,0,0,0,0,0,0,0,0,0,0,0,0,0,0,0,1.553893431,1.114132237,0.79919118,0.111763062,0,0,0,0,0,0,0,0,0
Methanomassiliicoccus,3.768967205,4.423621704,1.088701696,1.412748819,1.515362158,0,4.527559055,25.31706534,44.26450742,49.86425339,46.23188406,63.90728477,60.1010101,34.69387755,32.45614035,30.1369863,51.48514851,41.91176471,28.62190813,38.01169591,45.01718213,74.01129944,41.44736842,22.86562732,17.95735129,23.51851852,43.05555556,35.47008547,30.49309665,46.49564426,45.37332482,4.394280206,15.55693839,60.8604732,22.6541555,51.55735211,41.24685139,48.44797975,22.15541166,13.04591743,0.693703308,7.71219302,0.785340314,13.29579905,17.7960928,0,0,2.987421384,2.328914368,20.2991453,11.82543407,22.65917603,22.74555858,16.29228687,24.25953107,3.014310362,2.635253054,2.164066432,3.428773418,5.280722419,5.176045742,6.034939121,1.905850962,1.402480092,1.76744186,3.881116117,7.418733718,5.40950455,4.394953261,16.32047478,10.74450085,3.401639344,4.030054645,7.296733843,2.388407565,19.76260299,10.71524875,1.073071027,0,0,0.420336269,0.194982452,0.117347937,0.118984664,0.555555556,0.333601749,0.371440363,0.397128456,0.359066427,0.159659393,0.425177157,0.204830588,13.36480716,20.28965706,15.75470522,16.97296476,18.93675391,11.88478201,7.225985758,2.771819831,4.010488452
Methanimicrococcus,0,0,0.005131927,0,0,0,0,0,0,0,0,0,0,0,0,0,0,0,0,0,0,0,0,0,0,0,0,0,0,0,0,0,0,0,0,0,0,0,0,0,0,0,0,0,0,0,0,0,0,0,0,0,0,0,0,0,0,0,0,0,0,0,0,0,0,0,0,0,0,0,0,0,0,0,0,0,0,0,0,0,0,0,0,0,0,0,0,0,0,0,0,0,0,0,0,0,0,0,0,0,0
Methanobacterium,6.558981889,2.920026149,5.084273576,8.478041982,4.559988878,13.0334728,4.99507874,3.066302777,3.778677463,2.986425339,6.956521739,0,0,3.06122449,0,4.566210046,0,1.470588235,8.833922261,0,10.30927835,0,0,15.96139569,5.723905724,8.518518519,0,0,1.025641026,0.010309455,0.574345884,0.482005141,3.858120722,0.473828853,1.474530831,0.587647238,2.707808564,2.264304438,3.168362627,1.451308007,0,4.00689358,0,4.287570377,6.654456654,0,0.063131313,0.408805031,0.716589036,7.478632479,10.51149695,9.051186017,31.82829015,28.41677943,33.23548229,4.536689333,4.694589878,5.368226808,5.72640509,6.910090302,9.298826362,10.00529381,10.47741567,10.20957965,10.55813953,22.20377836,24.02310567,33.21536906,40.42498851,17.65578635,29.86463621,15.12295082,16.53005464,28.21403753,33.90329835,10.13266304,23.52366186,1.788451712,1.944444444,3.064640742,0.650520416,0.142987131,0.117347937,0,2.855297158,2.358219257,1.760902463,1.130288682,1.270542743,0.674117438,0.75031263,1.681317743,12.07692575,15.15917475,14.97569488,11.09507898,22.19174019,21.24038874,25.7912107,65.26425782,67.43873332
Methanobrevibacter,0.685266765,0,0.730933058,1.137014949,0,0.662482566,0,0,1.619433198,0.7239819,2.028985507,0,1.515151515,3.06122449,8.479532164,5.936073059,17.82178218,13.97058824,2.120141343,9.064327485,1.374570447,0,1.973684211,0,0,10.74074074,11.38888889,10.68376068,1.617357002,1.472533892,1.85067007,9.198264781,3.795892968,0.462456961,2.010723861,0.399878298,0.146935348,0.065081804,0.323774283,0.146350387,0,0,0,0,0,0,0,0,0,0.854700855,0.938526513,0.811485643,1.136903126,1.00135318,2.352188476,0.598802395,0.122164049,0.788458312,0.153175445,0.265017668,0.180559735,0.370566437,1.048218029,1.045917357,0.904392765,1.533475615,1.257220523,1.567239636,1.562037084,0,0,0.696721311,0,0.20847811,0,6.468370339,7.482809761,0,0,0.206026268,2.572057646,0.987911088,2.014472912,1.295610788,0.994832041,2.358219257,0.660338423,0.091645028,0.814804585,1.463544439,0.383493122,0.31578049,0,0,0.517262869,0,0.1408764,0.491784083,0.059058537,0.052246604,0.201701012
Methanocella,0,0,0,0,0,0,0,0,0,0,0,0,0,0,0,0,0,0,0,0,0,0,0,0,0,0,0,0,0,0,0,0,0,0,0,0,0,0,0,0,0,0,0,0,0,0,0,0,0,0,0,0,0,0,0,0,0,0,0,0,0,0,0,0,0,0,0,0,0,0,0.253807107,0,0,0,0,0,0,0,0,0,0,0,0,0,0,0,0,0,0,0,0,0,0,0,0,0,0,0,0,0,0
Methanocorpusculum,0.195790504,14.09893223,0,0,4.990963437,0.69735007,26.59940945,8.893883448,0,0,0,0,3.282828283,0,0,0,0,2.941176471,8.127208481,0.584795322,1.718213058,0,34.21052632,3.637713437,0.336700337,0,3.055555556,9.829059829,0.473372781,8.130723896,2.552648373,1.506266067,0.373366521,24.65426288,2.479892761,16.71839006,1.868178002,5.74527705,5.041628122,26.678456,0,0,0,0,0,0,0,0,0,0,0,0,0,0,0.041398517,0.050745966,0.034904014,0,0,0.039261877,0.060186578,0.105876125,0.095292548,0.059427123,0.046511628,0,0,0.101112235,0.013280891,4.005934718,1.945854484,10.53278689,0,6.323835997,0.133959932,0.550202486,0.404476203,0,0,0,0,0,0,0,0,0,0,0,1.463886204,0.186269292,0.08336807,0,0,0,0,0,0,0,0,0,0
Methanoculleus,3.622124327,6.886031815,0,0,0,0,0.762795276,0.112377589,0,0,0,0,0,0,0,0,0,0,0,0,0,0,0,0,0,2.222222222,0,0,10.61143984,5.338579701,8.998085514,12.12644602,10.95208463,1.33430205,18.230563,3.116442822,6.066330814,4.445448793,11.23959297,8.43466065,0,27.27272727,0,19.7921178,20.48229548,0,0,30.6918239,31.6015765,0.320512821,0.469263257,0.312109863,0,0.135317997,0,0.253729828,0,0.100654253,0.27100271,0.35335689,0.300932892,0,0.090527921,0.067350739,0,0.18180381,0.294484087,0,0,0,0.846023689,3.278688525,1.639344262,1.111883252,1.646726967,2.077922078,0,0,0,0,10.36829464,3.74366307,5.9260708,5.327868852,1.563307494,0.391119291,1.320676847,0,34.56704875,18.52935959,34.81450604,50.49927456,0.027771028,0.812952589,0.436245793,0,2.039000519,0,0.138961265,0.596711214,0.073957038
Methanofollis,0,0,0,0,0.083414431,0,0,0,0,0,0,0,0,0,0,0,0,0,0,0,0,0,0,0,0,0,0,0,0,0,0,0,0,0,0,0,0,0,0,0,0,0,0,0,0,0,0,0,0,0,0,0,0,0,0,0,0,0,0,0,0,0,0,0,0,0,0,0,0,0,0,0,0,0,0,0,0,0,0,0,0,0,0,0,0,0,0,0,0,0,0,0,0,0,0,0,0,0,0,0,0
Methanogenium,0,0,0,0,0,0,0,0,0,0,0,0,0,0,0,0,0,0,0,0,0,0,0,0,0,0,0,0,0.157790927,0.247426932,1.403956605,0.028116967,0.622277536,1.228164387,0.201072386,1.097057417,0.230898405,1.375757028,0,0.102445271,0,0,0,0,0,0,0,0,0,0,0,0,0,0,0,0,0,0,0,0,0,0,0,0,0,0,0,0,0,0,0,0,0,0,0,0,0,0,0,0,0,62.66735994,59.87678467,50.5817028,0,0,0,0,3.935920453,2.927088877,0.658607753,0.11948451,0,0,0,0,0,0,0,0,0
Methanolinea,8.565834557,14.27326215,3.010974994,1.668344822,1.918531906,0,6.779035433,1.059560122,9.041835358,5.158371041,6.811594203,2.317880795,4.04040404,3.571428571,5.847953216,4.566210046,0,0,2.473498233,4.093567251,2.749140893,2.824858757,0,0.593912398,0.561167228,1.481481481,0,0,4.142011834,3.525833777,2.233567326,6.90472365,2.862476665,0.917332659,1.809651475,1.688181858,0.56675063,1.713820844,0.578168363,2.285505214,0,0.215424386,0,0,0,0.237341772,0.27958153,0.503144654,0,26.17521368,37.63491319,31.14856429,11.74383449,18.97158322,12.30665011,30.90429311,28.89179756,22.26136554,39.86096383,30.33961523,26.4520012,22.60455267,16.54278635,13.44637693,18.3255814,29.12022765,20.60255975,16.27906977,13.39531082,5.192878338,4.145516074,2.991803279,3.415300546,2.640722724,3.193800814,2.294372294,5.618848591,52.37608585,27.96296296,48.13288694,39.45156125,17.09346159,16.98611383,17.35854045,51.57622739,41.65420453,42.68812767,71.86497633,8.092804861,11.06084797,8.486869529,7.954254502,7.147568299,6.346495422,6.468901907,8.243469015,9.231111441,11.42422232,11.43651207,4.347467414,7.284768213
Methanomethylovorans,0,0,0,0,0,0,0,0,2.294197031,2.533936652,2.173913043,4.304635762,0,0,2.046783626,0,0,0,2.120141343,1.169590643,0,0,0,0.816629547,1.346801347,0.925925926,0,0,0,0.467361982,0.255264837,0.57438946,0.124455507,0,0,0.039118529,0.335852225,0.010846967,0.277520814,0.093908165,0,0,0,0,0,0,0,0,0,1.495726496,0.703894885,2.059925094,1.359286375,0.48714479,1.223138008,0.223282249,0.279232112,0.805234021,0.412395428,0,0.631959073,1.164637374,0,0,0.062015504,0.395225674,0.645599728,0,0.915359861,0,0,0,0,0,0,2.547130289,0,0,0,0,0.380304243,0,0.078231958,0,0.826873385,0.56367192,1.100564039,1.481594623,0,0,0,0,0.211754088,0.273261375,0,0,0,0,0.399513636,0.04399714,0
Methanoregula,0,0,0,0,0,0,0,0,0,0,0,0,0,0,0,0,0,0,0,0,0,0,0,0,0,0,0,0,0,0,0,0,0,0.104874119,0,0,0,0,0,0,0,0,0,0,0,0,0,0,0,2.564102564,1.07930549,0.873907615,0.719622198,0.324763194,0.090324037,0,0,0,0,0.107970161,0,2.593965061,0.028587764,0,0,0.110663189,0.067957866,0,0.361648874,0,1.607445008,1.43442623,0.204918033,0.764419736,0.261385233,0.875576037,1.105568289,8.329075115,5.046296296,0,0,0,0,0,0,0,0,3.467236902,0,0,0,0,0,0.478207406,0,0.318955043,0,0,0.799027271,0,0
Methanosarcina,0,0,3.850411653,4.219657657,2.015848742,2.322175732,0,0,0,1.809954751,0,0,0,4.591836735,5.263157895,3.196347032,0,0,0,0,4.467353952,4.519774011,4.605263158,1.484780995,11.22334456,5.185185185,11.11111111,5.128205128,0.078895464,0.00687297,0,0,0,0.030325047,0,0.010431608,0,0.009943053,0,0.07805354,10.67235859,55.23481258,15.81151832,45.56084885,49.32844933,81.02254747,81.80916306,59.68553459,58.90361877,0,0,0,0,0,0.037635016,0,0,0.167757088,0,0,0,0,0.076234038,0,0,0,0,0,0,2.522255193,3.214890017,0,11.06557377,2.015288395,0.741680598,2.681189778,0,0,0,0,0.230184147,0,0.312927831,0.118984664,0.749354005,1.506959623,1.12807814,0,0,0,0,0,0.763703267,1.263833857,2.91038265,0.189854192,1.038036628,1.030404746,0.653117943,0,0
Methanosphaera,34.65491924,14.44759207,10.08716945,15.17155914,1.570971778,0.153417015,5.63484252,3.74056831,9.71659919,8.235294118,9.710144928,17.21854305,13.63636364,12.24489796,7.894736842,16.43835616,3.96039604,16.17647059,4.946996466,7.894736842,3.780068729,7.344632768,5.921052632,6.607275427,2.581369248,3.148148148,3.333333333,4.700854701,20.90729783,12.89197409,13.08232291,23.92753856,27.7535781,3.129165745,21.64879357,8.561742078,9.19395466,12.24803399,7.585568918,11.56168059,0,0.344679018,0,8.185361628,4.334554335,0,0,0.251572327,0.358294518,5.982905983,9.479117785,14.04494382,4.764998376,7.036535859,10.1125287,9.489495585,10.05235602,12.44757591,8.047602215,9.265802905,15.91934998,11.59343568,2.291785782,2.119567371,2.418604651,4.331673386,4.700419074,9.70677452,4.956837105,16.02373887,8.9678511,10.45081967,12.36338798,10.7018763,10.99778367,5.92096076,18.21154105,0,0,0,0,0,0.048894974,0,0,0,0.068785252,0.152741714,0.621461124,0.204009225,0.08336807,0.085346078,17.43326275,20.04372182,11.6041381,26.99346901,12.55282865,8.274462354,3.710265764,1.589396689,2.440582244
Methanosphaerula,0,3.421224668,0,0,0.667315446,0.237099024,0,0,0,0,0,0,0,0,0,0,0,0,0,0,0,0,0,0,1.907968575,0,2.222222222,0,0,0,0,0,0,0.00694949,0,0,0,0,0,0,0,0,0,0,0,0,0,0,0,1.388888889,0.516189582,0.624219725,2.088903326,2.083897158,0.982273908,0.233431442,0.17452007,0.184532797,0.518439967,0.490773459,0.631959073,0.899947062,0.485991995,0.780476209,0.527131783,1.557189155,2.729640956,2.42669363,1.769423303,1.928783383,2.453468697,1.270491803,1.50273224,2.849200834,1.873260835,0,0.728057166,0,0,1.931496266,0,0,0,0,0.219638243,0.184056137,0,0.320757599,0,0,0,0,8.584718992,5.854624948,4.163031284,0.174665857,0,0.503493228,0.5384749,0.668206566,0.611826403
Methanospirillum,3.964757709,1.481804315,15.49548757,21.35543335,25.44140136,2.154811715,3.44488189,15.25124418,0.809716599,9.954751131,2.463768116,1.324503311,7.070707071,11.2244898,13.15789474,3.652968037,18.81188119,19.85294118,5.300353357,7.30994152,2.405498282,9.039548023,9.210526316,7.869339272,5.723905724,5.925925926,24.72222222,25.64102564,0.433925049,0,0,0.044183805,0,0.025270872,0,0.057373843,0,0.059658321,0,0.320751265,0,0.258509263,0,1.255954959,1.404151404,0,0,0.251572327,0,1.175213675,1.173158142,0.49937578,0,0,0.150540062,0.720592713,0.488656195,0.402617011,0.659832685,0.530035336,0,2.170460561,0.528873642,0.269402956,0.180878553,0.292466999,0.453052441,0.55611729,0.342238341,0,0,2.663934426,0,0,0.344701776,26.16673649,1.951597681,35.36024527,59.81481481,41.79757919,45.4663731,14.87066164,14.20887933,25.19830777,39.76744186,49.70666053,49.67670931,18.63448908,39.0001381,58.04505943,45.16882034,36.65614065,0.15968341,2.882907501,4.96696996,0,4.448728405,2.478435657,0.291818656,0.137491063,0.117658924
Methanothermobacter,0,0,0,0,0,0,0,0,0,0,0,0,0,0,0,0,0,0,0,0,0,0,0,0,0,0,0,0,0,0,0,0,0,0,0,0,0,0,0,0,88.6339381,0,83.40314136,0,0,18.74011076,17.83008658,0,0,0,0,0,0,0,0,0,0,0,0,0,0,0,0,0,0,0,0,0,0,0,0,0,0,0,0,0,0,0,0,0,0,0,0,0,0,0,0,0,0,0,0,0,0,0,0,0,0,0,0,0,0
Methanothrix,30.98384728,28.82981042,60.55894019,46.55719929,57.23620186,80.73919107,47.25639764,42.55899823,28.20512821,18.09954751,22.89855072,10.92715232,9.343434343,27.55102041,24.26900585,31.50684932,5.940594059,3.676470588,36.74911661,30.99415205,28.17869416,2.259887006,2.631578947,38.53006682,51.9640853,38.33333333,1.111111111,8.547008547,18.73767258,13.13940102,11.6145501,9.752570694,11.88550093,4.005433238,7.037533512,9.590124745,20.38203191,10.67612763,26.57261795,12.64467346,0,4.954760879,0,7.622347337,0,0,0,5.220125786,6.091006808,28.95299145,24.73017363,17.60299625,21.18137978,23.51826793,13.16096496,48.9698569,51.98080279,54.00100654,39.6724402,45.13152729,39.60276858,40.3388036,66.12826377,70.1279664,64.50129199,35.45174295,36.69724771,28.41253792,30.68600909,34.27299703,35.36379019,47.90983607,48.36065574,37.52605976,44.17519345,18.88004469,25.61345558,0.817577925,5.231481481,4.86737059,0,0.298973092,0.117347937,0,0.361757106,0.368112274,0.660338423,2.138383993,4.930258252,5.845307788,6.727803251,2.022702057,39.32724685,25.42013937,37.03103577,34.90659175,28.53859272,41.99289646,48.69897516,24.19842711,17.5345413